org_name,org_itemid
ENTEROCOCCUS SP.,80053
ESCHERICHIA COLI,80002
ENTEROCOCCUS FAECIUM,80168
"STAPHYLOCOCCUS, COAGULASE NEGATIVE",80155
STREPTOCOCCUS ANGINOSUS (MILLERI) GROUP,80235
STAPH AUREUS COAG +,80023
KLEBSIELLA PNEUMONIAE,80004
CITROBACTER FREUNDII COMPLEX,80248
BETA STREPTOCOCCUS GROUP B,80045
CUPRIAVIDUS PAUCULUS,90861
BETA STREPTOCOCCUS GROUP G,80047
VIRIDANS STREPTOCOCCI,80280
STREPTOCOCCUS SPECIES,80207
ABIOTROPHIA/GRANULICATELLA SPECIES,80303
STAPHYLOCOCCUS LUGDUNENSIS,80162
GRAM NEGATIVE ROD(S),80058
STREPTOCOCCUS PNEUMONIAE,80076
ENTEROBACTER CLOACAE COMPLEX,90763
STAPHYLOCOCCUS EPIDERMIDIS,80024
ENTEROBACTER CLOACAE,80008
PSEUDOMONAS AERUGINOSA,80026
BETA STREPTOCOCCUS GROUP A,80054
ACHROMOBACTER SPECIES,90778
STAPHYLOCOCCUS SIMULANS,90626
PROTEUS MIRABILIS,80017
STREPTOCOCCUS MITIS/ORALIS,90747
PROTEUS VULGARIS,80016
NUTRITIONALLY VARIANT STREPTOCOCCUS,80119
PANTOEA (ENTEROBACTER) AGGLOMERANS,80266
ENTEROBACTER ASBURIAE,80164
SERRATIA MARCESCENS,80014
STAPHYLOCOCCUS CAPRAE,90743
ACINETOBACTER BAUMANNII COMPLEX,80304
ENTEROBACTER AEROGENES,80007
STREPTOCOCCUS MITIS,80049
STREPTOCOCCUS GALLOLYTICUS SSP. GALLOLYTICUS (STREPTOCOCCUS BOVIS),90776
ENTEROCOCCUS CASSELIFLAVUS,80204
ACINETOBACTER LWOFFII,90287
STREPTOCOCCUS INTERMEDIUS,90355
STAPHYLOCOCCUS WARNERI,90746
CORYNEBACTERIUM SPECIES (DIPHTHEROIDS),80085
PRESUMPTIVE STREPTOCOCCUS BOVIS,80229
POSITIVE FOR GROUP B BETA STREPTOCOCCI,80222
POSITIVE FOR METHICILLIN RESISTANT STAPH AUREUS,80293
STAPHYLOCOCCUS HOMINIS,90744
STAPHYLOCOCCUS SCIURI,90544
STREPTOCOCCUS GORDONII,90830
BETA STREPTOCOCCUS GROUP C,80046
"NON-FERMENTER, NOT PSEUDOMONAS AERUGINOSA",80225
OCHROBACTRUM INTERMEDIUM,90771
STREPTOCOCCUS SANGUINIS,90824
STREPTOCOCCUS SALIVARIUS SSP. SALIVARIUS,90870
STREPTOCOCCUS BOVIS ,80050
STENOTROPHOMONAS MALTOPHILIA,80087
ALCALIGENES XYLOSOXIDANS,80252
AEROCOCCUS URINAE,90812
STAPHYLOCOCCUS WARNERI/PASTEURI,90758
OCHROBACTRUM SPECIES,90767
GEMELLA SPECIES,80298
LISTERIA MONOCYTOGENES,80091
RHIZOBIUM RADIOBACTER,90750
CHRYSEOBACTERIUM INDOLOGENES,90709
STAPHYLOCOCCUS CAPITIS,90742
ACHROMOBACTER SP.,90807
HAFNIA ALVEI,80009
STREPTOCOCCUS GALLOLYTICUS SSP. PASTEURIANUS (STREPTOCOCCUS BOVIS),90755
STREPTOCOCCUS VESTIBULARIS,80272
ACINETOBACTER SP.,80216
STREPTOCOCCUS INFANTARIUS SSP. COLI (STR. LUTETIENSIS),90872
SALMONELLA SPECIES,80196
PSEUDOMONAS FLUORESCENS,90530
CITROBACTER KOSERI,80201
STREPTOCOCCUS ANGINOSUS,80171
STREPTOCOCCUS MUTANS,90350
STREPTOCOCCUS BOVIS GROUP,90783
STAPHYLOCOCCUS AURICULARIS,90826
ENTEROCOCCUS AVIUM,80111
AEROMONAS HYDROPHILA,80032
STAPHYLOCOCCUS CAPRAE/CAPITIS,90681
STAPHYLOCOCCUS HAEMOLYTICUS,90679
ENTEROCOCCUS FAECALIS,80172
ACINETOBACTER BAUMANNII,80194
PSEUDOMONAS PUTIDA ,80027
AGROBACTERIUM RADIOBACTER,90457
ACHROMOBACTER (ALCALIGENES) XYLOSOXIDANS SS DENTRIFICANS,80284
BACILLUS SPECIES; NOT ANTHRACIS,80281
KLEBSIELLA OXYTOCA,80005
GRAM NEGATIVE ROD #2,80071
STREPTOCOCCUS ORALIS,80271
GRAM POSITIVE RODS,80056
LACTOBACILLUS SPECIES,80088
STREPTOCOCCUS PARASANGUINIS,90836
STREPTOCOCCUS SALIVARIUS,80118
ROSEOMONAS SPECIES,90757
GRAM POSITIVE COCCUS(COCCI),80055
OCHROBACTRUM ANTHROPI,80182
HERBASPIRILLUM SPECIES,90756
GEMELLA BERGERI,90844
STREPTOCOCCUS INFANTARIUS SSP. INFANTARIUS (STREPTOCOCCUS BOVIS),90799
PSEUDOMONAS MENDOCINA,90784
PANTOEA SPECIES,80302
ENTEROCOCCUS GALLINARUM,80184
SALMONELLA ENTERITIDIS,80022
STREPTOCOCCUS SALIVARUS,90749
SALMONELLA TYPHI,90283
SPHINGOMONAS PAUCIMOBILIS,90292
ENTEROCOCCUS RAFFINOSUS,90518
ENTEROBACTERIACEAE,80218
AEROMONAS HYDROPHILA COMPLEX,90711
ALCALIGENES FAECALIS,90472
MORGANELLA MORGANII,80018
"HAEMOPHILUS INFLUENZAE, BETA-LACTAMASE NEGATIVE",80192
ELIZABETHKINGIA (CHRYSEOBACTERIUM) MENIGOSEPTICA,90738
ACHROMOBACTER (ALCALIGENES) DENTRIFICANS,90487
SERRATIA LIQUEFACIENS,80013
ALCALIGENES SPECIES,90737
SALMONELLA SANDIEGO,90623
AEROCOCCUS VIRIDANS,80092
SALMONELLA DUBLIN,90430
ENTEROBACTER AMNIGENUS 2 ,90452
STREPTOCCUS SALIVARIUS GROUP,90787
BURKHOLDERIA CEPACIA,80028
BURKHOLDERIA XENOVORANS,90730
SPHINGOMONAS SPECIES,90656
LACTOBACILLUS SALIVARIUS SS. SALIVARIUS,90466
STAPHYLOCOCCUS INTERMEDIUS,90511
STREPTOCOCCUS INFANTARIUS SSP. COLI (STREPTOCOCCUS BOVIS),90748
BACILLUS SUBTILIS ,80160
AEROCOCCUS SPECIES,90718
PLESIOMONAS SHIGELLOIDES,90294
SHEWANELLA SPECIES,80290
STREPTOCOCCUS MITIS GROUP,90786
GEMELLA MORBILLORUM,80183
GAMMA(I.E. NON-HEMOLYTIC) STREPTOCOCCUS,80089
PROPIONIBACTERIUM ACNES,80108
PRESUMPTIVE PEPTOSTREPTOCOCCUS SPECIES,80233
SHIGELLA FLEXNERI,80021
SHIGELLA SONNEI,90280
SALMONELLA TYPHIMURIUM,90399
SHIGELLA BOYDII,90279
LECLERCIA ADECARBOXYLATA,90456
PSEUDOMONAS SPECIES,80029
RAOULTELLA PLANTICOLA,90815
PSEUDOMONAS LUTEOLA,80305
STREPTOCOCCUS MILLERI GROUP,80279
PROBABLE MICROCOCCUS SPECIES,80241
HAEMOPHILUS PARAINFLUENZAE,80043
KOCURIA KRISTINAE,90848
SALMONELLA TELELKEBIR,90669
PEDIOCOCCUS SPECIES,80189
KLUYVERA SPECIES,80122
CORYNEBACTERIUM STRIATUM,80156
CITROBACTER AMALONATICUS,80025
SERRATIA SPECIES,80090
CRONOBACTER (ENTEROBACTER) SAKAZAKII,80012
STAPHYLOCOCCUS PSEUDINTERMEDIUS,90809
AEROMONAS SPECIES,80195
CITROBACTER KOSERI,80151
DELFTIA ACIDOVORANS,90695
STAPHYLOCOCCUS LENTUS,90865
CITROBACTER SPECIES,80098
ENTEROBACTER SPECIES,80113
PSEUDOMONAS STUTZERI,90324
ACHROMOBACTER (ALCALIGENES) XYLOSOXIDANS,90780
CORYNEBACTERIUM UREALYTICUM SP. NOV.,80193
ESCHERICHIA SPECIES,90559
PROVIDENCIA RETTGERI,80020
PROTEUS VULGARIS GROUP,90683
PROVIDENCIA STUARTII,80019
"STAPHYLOCOCCUS, COAGULASE NEGATIVE, PRESUMPTIVELY NOT S. SAPROPHYTICUS",80262
"STAPHYLOCOCCUS SAPROPHYTICUS, PRESUMPTIVE IDENTIFICATION",80255
PROTEUS PENNERI,90454
KLEBSIELLA SPECIES,80094
ENTEROBACTER GERGOVIAE,80011
SERRATIA ODORIFERA,90331
ENTEROBACTER CANCEROGENUS,90702
RAOULTELLA ORNITHINOLYTICA,90759
SALMONELLA JAVIANA,90464
PROTEUS HAUSERI,90837
ACHROMOBACTER XYLOSOXIDANS,90816
CITROBACTER SEDLAKII,90843
SERRATIA LIQUEFACIENS COMPLEX,90728
PROVIDENCIA SPECIES,80097
PRESUMPTIVE GARDNERELLA VAGINALIS,80295
STAPHYLOCOCCUS SAPROPHYTICUS,90745
SALMONELLA NEWPORT,90415
MYROIDES SPECIES,90712
SERRATIA FONTICOLA,90370
SALMONELLA BRAENDERUP,90448
CORYNEBACTERIUM ACCOLANS (CDC GROUP 6),90606
CORYNEBCATERIUM AMYCOLATUM,80221
SERRATIA RUBIDAEA,80015
PSEUDOMONAS ORYZIHABITANS,90705
BORDETELLA BRONCHISEPTICA,80030
BURKHOLDERIA GLADIOLI,90571
GRAM NEGATIVE ROD #1,80070
PSEUDOMONAS PUTIDA/FLUORESCENS,80312
ACHROMOBACTER  DENTRIFICANS,90779
MORAXELLA CATARRHALIS,80289
BURKHOLDERIA CEPACIA GROUP,80294
NOCARDIA CYRIACIGEORGICA,90863
YEAST,80075
TRICHOSPORON MUCOIDES,90667
TRICHOPHYTON SPECIES,80165
,
PROPIONIBACTERIUM SPECIES,80115
VIRUS,80175
"YEAST, PRESUMPTIVELY NOT C. ALBICANS",80253
HERPES SIMPLEX VIRUS TYPE 2,80145
S. AUREUS POSITIVE; MRSA NEGATIVE,90849
HERPES SIMPLEX VIRUS TYPE 1,80144
POSITIVE FOR PNEUMOCYSTIS JIROVECII (CARINII),80300
ADENOVIRUS,80146
POSITIVE FOR HERPES SIMPLEX TYPE 1 (HSV1),80310
POSITIVE,90855
CANDIDA ALBICANS,80060
PENICILLIUM SPECIES,80064
POSITIVE FOR PARAINFLUENZA TYPE 1,90721
CANCELLED,90760
"BETA STREPTOCOCCI, NOT GROUP A",80213
POSITIVE FOR INFLUENZA A VIRAL ANTIGEN,80230
CLOSTRIDIUM DIFFICILE,80139
ASPERGILLUS FUMIGATUS,80066
POSITIVE FOR PARAINFLUENZA TYPE 3,90723
POSITIVE FOR RESPIRATORY SYNCYTIAL VIRUS (RSV),90725
CRYPTOSPORIDIUM PARVUM OOCYSTS SEEN,80267
POSITIVE FOR M. TUBERCULOSIS BY MTD,80259
POSITIVE FOR INFLUENZA B VIRAL ANTIGEN,80257
CAPNOCYTOPHAGA SPECIES,80210
RESPIRATORY SYNCYTIAL VIRUS (RSV),80177
POSITIVE FOR VARICELLA ZOSTER,80309
CANDIDA GLABRATA,80228
POSITIVE FOR CYTOMEGALOVIRUS,80308
NEGATIVE,90856
PREVOTELLA SPECIES,80244
ALTERNARIA SP.,90443
FUSARIUM SPECIES,80116
NEISSERIA SPECIES,80042
MIXED BACTERIAL FLORA,90785
"NEISSERIA SPECIES, NOT GONORRHOEAE",80292
ASPERGILLUS NIGER,80062
GIARDIA LAMBLIA SEEN,90644
"CANDIDA ALBICANS, PRESUMPTIVE IDENTIFICATION",80254
YERSINIA ENTEROCOLITICA,90276
"ASPERGILLUS SP. NOT FUMIGATUS, FLAVUS OR NIGER",80239
CANDIDA KRUSEI,80101
PRESUMPTIVE VEILLONELLA SPECIES,80232
CANDIDA SPECIES,80059
POSITIVE FOR CRYPTOCOCCAL ANTIGEN,90819
VARICELLA-ZOSTER VIRUS,80176
POSITIVE FOR ADENOVIRUS,90724
RHINOVIRUS,80206
ESCHERICHIA COLI O157:H7,90536
CYTOMEGALOVIRUS ,80143
S. AUREUS POSITIVE; MRSA POSITIVE,90840
MOLD,80163
CANDIDA PARAPSILOSIS,80099
BACILLUS SPECIES,80082
POSITIVE FOR HERPES SIMPLEX TYPE 2 (HSV2),80311
PRESUMPTIVE PROPIONIBACTERIUM ACNES,80234
CLOSTRIDIUM SEPTICUM,80129
PHOMA SPECIES,90660
ANAEROBIC GRAM POSITIVE COCCUS(I),80078
CANDIDA DUBLINIENSIS,80270
POSITIVE FOR HERPES SIMPLEX (HSV),90727
LEGIONELLA PNEUMOPHILA ,80202
BACTEROIDES FRAGILIS GROUP,80112
PRESUMPTIVE POSITIVE FOR LEGIONELLA SEROGROUP 1 ANTIGEN,90818
AFB GROWN IN CULTURE; ADDITIONAL INFORMATION TO FOLLOW,80220
SCOPULARIOPSIS SP.,90380
DEMATIACEOUS MOLD,80278
NEISSERIA MENINGITIDIS,80041
PARAINFLUENZA VIRUS TYPE 2,90526
PARAINFLUENZA VIRUS TYPE 3,80181
GRAM POSITIVE BACTERIA,80081
MYCOBACTERIUM TUBERCULOSIS COMPLEX,80159
ACREMONIUM SPECIES,80157
ASPERGILLUS FUMIGATUS COMPLEX,90834
CLOSTRIDIUM SPECIES NOT C. PERFRINGENS OR C. SEPTICUM,80238
MYCELIA STERILIA,80130
MICROSPORIDIUM SPECIES SEEN,80258
NEISSERIA GONORRHOEAE,80040
IXODES SPECIES,90753
TICK CONSISTENT WITH IXODES SPECIES,90620
"LEGIONELLA PNEUMOPHILA, GROUP 1",90431
POSITIVE FOR PARAINFLUENZA TYPE 2,90722
NOCARDIA OTITIDISCAVIARUM (CAVIAE),90557
STAPHYLOCOCCUS SPECIES,80138
ASPERGILLUS TERREUS,90494
PROBABLE ENTEROCOCCUS,80223
CANDIDA TROPICALIS,80106
MICROCOCCUS/STOMATOCOCCUS SPECIES,80306
CHAETOMIUM SPECIES,80200
CLADOSPORIUM SPECIES,80126
INFLUENZA A VIRUS,80178
PINWORM EGG(S) SEEN,90645
ENTEROVIRUS,90574
NOCARDIA NOVA,90566
NOCARDIA ASTEROIDES COMPLEX ,80187
RHIZOPUS SPECIES,80105
STACHYBOTRYS SPP.,80211
ANAEROBIC GRAM NEGATIVE ROD(S),80036
ASPERGILLUS VERSICOLOR GROUP ,80148
PITHOMYCES SP.,80268
PARAINFLUENZA VIRUS TYPE 1,80180
POSITIVE FOR MICROSPORIDIA SPECIES,90634
MYCOBACTERIUM AVIUM COMPLEX,80158
CRYPTOCOCCUS NEOFORMANS,80065
WORM,90609
MYCOBACTERIUM MARINUM,90514
MUCOR SP.,80110
NOCARDIA FARCINICA,90769
GRAM NEGATIVE ROD #4,80073
TRICHOMONAS VAGINALIS SEEN,90646
ROTHIA DENTOCARIOSA,90378
ASPERGILLUS NIDULANS,80215
STAPHYLOCOCCUS SACCHAROLYTICUS,90486
CURVULARIA SP.,80174
INFLUENZA B VIRUS,80179
YERSINIA SP.,90509
RESEMBLING MICROCOCCUS/STOMATOCOCCUS SPECIES,80242
CIMEX SPECIES (BEDBUG),90891
MYCOBACTERIUM MUCOGENICUM,90713
PROTEUS SPECIES,80084
GEOTRICHIUM SPECIES,90340
EPIDERMOPHYTON FLOCCOSUM,90444
CANDIDA LUSITANIAE,80137
POSITIVE FOR PARAINFLUENZA VIRUS,90726
FUSOBACTERIUM NUCLEATUM,80128
VIBRIO PARAHAEMOLYTICUS,90297
ACTINOBACILLUS ACTINOMYCETEMCOMITANS,90383
PAECILOMYCES SPECIES,80149
ROTHIA MUCILAGINOSA,90741
TAENIA SP.,90420
MICROBACTERIUM SPECIES,90678
MALASSEZIA SPECIES,90550
TRICHODERMA SP.,80150
NOCARDIA SPECIES,80068
TICK NOT CONSISTENT WITH IXODES SPECIES,90621
PRESUMPTIVE CLOSTRIDIUM PERFRINGENS,80236
SCEDOSPORIUM (APIOSPERMUM) BOYDII COMPLEX,80188
VIBRIO CHOLERAE,90295
TICK,90768
EIKENELLA CORRODENS,80035
GIARDIA LAMBLIA,80133
ACTINOMYCES SP.,90508
SYTALIDIUM SPECIES,90710
NEISSERIA MUCOSA,90459
NIGROSPORA SPECIES,90672
ASPERGILLUS FLAVUS,80114
SALMONELLA SAINTPAUL,90434
CHLAMYDIA TRACHOMATIS,80147
CLOSTRIDIUM PERFRINGENS,80038
PORPHYROMONAS SPECIES,80212
BRUCELLA SPECIES,90301
CANDIDA GUILLIERMONDII,80100
ACINETOBACTER RADIORESISTENS,90813
ANAEROBIC GRAM POSITIVE ROD(S),80079
ACTINOMYCES NAESLUNDII,90386
KINGELLA SPECIES,90461
ANAEROBIC GRAM NEGATIVE ROD #2,80074
ACTINOTIGNUM SANGUINIS,90839
EXOPHIALA (WANGIELLA) DERMATITIDIS,90598
BACTEROIDES SPECIES,90313
LEPTOTRICHIA SPECIES,90877
ACTINOMYCES ODONTOLYTICUS,80136
PORPHYROMONAS SPECIES,80243
MORAXELLA SPECIES,80031
PARACOCCUS YEEI,90835
CARDIOBACTERIUM HOMINIS,90327
MORAXELLA NONLIQUIFACIENS ,90450
PRESUMPTIVE CLOSTRIDIUM SEPTICUM,80237
LEPTOTRICHIA TREVISANII,80307
CLOSTRIDIUM RAMOSUM,90377
CLOSTRIDIUM TERTIUM,90374
ACTINOMYCES TURICENSIS,90697
CUTIBACTERIUM (PROPIONIBACTERIUM) ACNES,90880
LACTOCOCCUS SPECIES,90740
LACTOBACILLUS CASEI/PARACASEI/ZEAE,90864
CAMPYLOBACTER SPECIES,80107
BURKHOLDERIA SPECIES,80208
CUTIBACTERIUM ACNES,90846
RHODATORULA MUCILAGINOSA,90859
BREVIBACTERIUM CASEI,90794
LOMENTOSPORA PROLIFICANS (FORMERLY SCEDOSPORIUM PROLIFICANS),90823
HAEMOPHILUS SPECIES NOT INFLUENZAE,80256
GEMELLA HAEMOLYSANS,90773
FUSOBACTERIUM SPECIES,80245
GRAM VARIABLE RODS,80037
DOLOSIGRANULUM PIGRUM,90765
CAMPYLOBACTER JEJUNI,80185
GRANULICATELLA ADIACENS,90817
PASTEURELLA MULTOCIDA,80034
ROSEOMONAS GILARDII,90552
"HAEMOPHILUS INFLUENZAE, BETA-LACTAMASE POSITIVE",80191
USTILAGO SPECIES,90775
RHODOTORULA GLUTINIS,90492
LACTOBACILLUS FERMENTUM,90897
DIALISTER MICRAEROPHILUS,90888
GORDONIA SPECIES,80286
ATOPOBIUM RIMAE,90875
PREVOTELLA ORALIS,90590
HAEMOPHILUS PARAHAEMOLYTICUS,90363
TRICHOSPORON SPECIES,90502
DESULFOVIBRIO DESULFURICANS,90729
HAEMOPHILUS INFLUENZAE,80198
ALLOIOCOCCUS OTITIS,90798
LEPTOTRICHIA HOFSTADII,90764
KOCURIA ROSEA,90874
BREVUNDIMONAS VESICULARIS,90820
BETA STREPTOCOCCUS,80048
BACTEROIDES FRAGILIS,80121
ENTEROCOCCUS DURANS,90549
MYCOBACTERIUM CHELONAE,90330
PREVOTELLA (BACTEROIDES) SPECIES,90528
GLOBICATELLA SPECIES,90739
WAUTERSIELLA FALSENII,90896
CUPRIAVIDUS METALLIDURANS,90716
SALMONELLA SPECIES,90282
GRAM NEGATIVE DIPLOCOCCI,80057
BACTEROIDES DOREI/VULGATUS,90832
LEUCONOSTOC SPECIES,80170
CANDIDA AURIS,90827
HAEMOPHILUS SP,80044
BIFIDOBACTERIUM LONGUM,90852
SHEWANELLA ALGAE,90806
MICROCOCCUS LUTEUS,90497
VEILLONELLA SPECIES,80173
BACILLUS CIRCULANS GROUP,90850
MORAXELLA OSLOENSIS,80153
PASTEURELLA SPECIES,90754
CLOSTRIDIUM SPECIES,80039
ENTEROCOCCUS HIRAE,90774
MYCOBACTERIUM BOVIS,90387
MYCOBACTERIUM SPECIES,90305
MYCOBACTERIUM SZULGAI,90489
STREPTOMYCES SPECIES,80096
MYCOBACTERIUM KANSASII,90333
MYCOBACTERIUM FORTUITUM,80095
MYCOBACTERIUM AVIUM,90476
MYCOBACTERIUM ABSCESSUS,90641
MYCOBACTERIUM GORDONAE,80093
MYCOBACTERIUM CHIMAERA INTRACELLULARE GROUP,90821
MYCOBACTERIUM XENOPI,90498
TSUKAMURELLA SPECIES,90592
MYCOBACTERIUM TERRAE,90349
MYCOBACTERIUM TRIPLEX,90866
MYCOBACTERIUM TUBERCULOSIS,80069
NOCARDIA BRASILIENSIS,90564
MYCOBACTERIUM MARSEILLENSE,90862
MYCOBACTERIUM SCROFULACEUM,90353
MYCOBACTERIUM CELATUM,90560
GORDONIA SPUTI,90791
MYCOBATERIUM HAEMOPHILUM,90761
MYCOBACTERIUM ASIATICUM,90838
CAMPYLOBACTER LARI,90596
FUSOBACTERIUM SPECIES,80125
ACTINOMYCES ISRAELII,90398
CUTIBACTERIUM AVIDUM,90847
CUTIBACTERIUM SPECIES,90889
EUBACTERIUM LIMOSUM,90853
MYCOPLASMA HOMINIS,80299
ANAEROBIC GRAM NEGATIVE COCCI,90302
BACTEROIDES UREOLYTICUS GROUP,80205
PREVOTELLA MELANINOGENICA,90346
PEPTOSTREPTOCOCCUS SP.,90501
PRESUMPTIVE FUSOBACTERIUM MORTIFERUM/VARIUM GROUP,80240
ORGANISM,80263
MYCOPLASMA SPECIES,90322
ACIDFAST BACILLI,80086
BLASTOCYSTIS HOMINIS,80140
ENDOLIMAX NANA,80134
ENTAMOEBA HARTMANNI,80169
ENTAMOEBA COLI,80132
DIENTAMOEBA FRAGILIS,90425
FEW BLASTOCYSTIS HOMINIS,80249
MODERATE BLASTOCYSTIS HOMINIS,80250
ENTAMOEBA SP.,90408
STRONGYLOIDES STERCORALIS ,80161
MANY BLASTOCYSTIS HOMINIS,80251
ENTAMOEBA HISTOLYTICA/DISPAR,80217
IODAMOEBA BUTSCHLII,90636
STRONGYLOIDES,90421
RARE BLASTOCYSTIS HOMINIS,90638
CHILOMASTIX MESNILI,90410
HYMENOLEPIS NANA,90533
HOOKWORM,90422
ENTEROBIUS VERMICULARIS,90447
GIARDIA CYSTS,90411
SALMONELLA KIAMBU,90689
SALMONELLA HADAR,80131
SALMONELLA THOMPSON,90427
SALMONELLA INFANTIS,90503
SALMONELLA MBANDAKA,90653
SALMONELLA SCHWARZENGRUND,90440
SALMONELLA BARRANQUILLA,90715
SALMONELLA AGONA,90406
SALMONELLA HAVANA,90751
SALMONELLA ORANIENBURG,90484
SALMONELLA BAREILLY,90658
SALMONELLA MONTEVIDEO,90405
SALMONELLA CORVALLIS,90680
SALMONELLA HEIDELBERG,90412
AGGREGATIBACTER SPECIES,90735
GRAM NEGATIVE ROD #3,80072
PASTEURELLA CANIS,90805
BETA STREPTOCOCCUS NOT GROUP A OR B,80224
SACCHAROMYCES CEREVISIAE,80102
CORYNEBACTERIUM GLUCURONOLYTICUM,90894
ZYGOSACCHAROMYCES FERMENTATI,90828
CAPNOCYTOPHAGA OCHRACEA,90379
ALPHA STREPTOCOCCI,80052
GARDNERELLA  VAGINALIS,90470
ANAEROBIC GRAM POSITIVE BACTERIA,90584
CANDIDA KEFYR,80285
AGGREGATIBACTER (HAEMOPHILUS) APHROPHILUS,90736
SPHINGOBACTERIUM MULTIVORUM,90537
RHINOCLADIELLA SP.,90825
EXOPHIALA SPECIES,90581
CUNNINGHAMELLA SP.,90439
EXOPHIALA JEANSELMEI COMPLEX,80124
ASPERGILLUS SPECIES,80063
NEOSCYTALIDIUM DIMIDIATUM,90762
GRAPHIUM EUMORPHUM,90772
FONSECAEA PEDROSOI,80282
SAPROCHAETE (FORMERLY GEOTRICHUM) CAPITATA,90841
CANDIDA KRUSEI / CANDIDA INCONSPICUA,80288
SYNCEPHALASTRUM SPECIES,80190
BEAUVERIA BASSIANA,90693
TRICHOPHYTON RUBRUM,90390
MICROSPORUM CANIS,90462
VERTICILLIUM SP.,90362
FUNGUS,80127
BASIDIOMYCETE,80291
COCCIDIOIDES IMMITIS/POSADASII,90811
CRYPTOCOCCUS LAURENTII,90339
PENICILLIUM FELLUTANUM,90879
CUNNINGHAMELLA BERTHOLLETIAE,90706
AUREOBASIDIUM PULLULANS,80117
CONIDIOBOLUS SPECIES,90714
PENICILLIUM MARNEFFEI,90585
STEMPHYLIUM SP.,90671
SCEDOSPORIUM APIOSPERMUM COMPLEX,90851
ARTHROGRAPHIS SPECIES,90814
BACTERIA,80080
MALASSEZIA FURFUR,80199
PROBABLE LACTOBACILLUS SPECIES,80226
OLIGELLA URETHRALIS,90543
LACTOBACILLUS RHAMNOSUS,90801
LISTERIA SPECIES,80209
SCOPULARIOPSIS BREVICAULIS,90650
2ND ISOLATE,80265
PROBABLE GARDNERELLA VAGINALIS,80227
LEUCONOSTOC MESENTEROIDES,90519
BETA STREP NOT GROUP A OR ANGINOSUS (MILLERI),90707
VIBRIO SPECIES,80033
ERYSIPELOTHRIX RHUSIOPATHIAE,90688
MALASSEZIA PACHYDERMATIS,90752
STREPTOCOCCUS PORCINUS/PSEUDOPORCINUS,90804
CHRYSEOBACTERIUM MENINGOSEPTICUM,80301
LACTOBACILLUS GASSERI,90717
HEMOPHILUS HEMOLYTICUS,90361
HAEMOPHILUS APHROPHILUS,90310
HAEMOPHILUS HAEMOLYTICUS,90873
PSEUDALLESCHERIA BOYDII ,80186
SALMONELLA PARATYPHI A,90368
BACILLUS CEREUS/THURINGIENSIS,90887
PAENIBACILLUS SPECIES,90893
ALACALIGENES SPECIES,90802
COMAMONAS TESTOSTERONI,90541
ESCHERICHIA FERGUSONII,80152
CORYNEBACTERIUM JEIKEIUM (C.D.C. GROUP JK),80141
KLEBSIELLA (RAOULTELLA) ORNITHINOLYTICA,90881
ESCHERICHIA HERMANNII,90453
CITROBACTER YOUNGAE,80197
SALMONELLA STANLEY,90507
KLEBSIELLA (RAOULTELLA) PLANTICOLA,90882
ESCHERICHIA VULNERIS,90403
EDWARDSIELLA TARDA,90281
YOKENELLA REGENSBURGEI,90868
STAPHYLOCOCCUS SCHLEIFERI,90500
VIBRIO ALGINOLYTICUS,90296
ASCARIS LUMBRICOIDES,80135
HERPES SIMPLEX VIRUS,90429
RHODOTORULA SPECIES,80061
TAENIA SAGINATA,90426
HUMICOLA SPECIES,90698
ARCANOBACTERIUM HAEMOLYTICUM,90392
DERMATOPHYTE,90512
MUCOR IRREGULARIS,90831
BREVUNDIMONAS DIMINUTA/VESICULARIS,90890
CYCLOSPORA SPECIES,90567
YERSINIA INTERMEDIA,90372
BACTEROIDIES THETAIOTAOMICRON,90639
TRICHOMONAS VAGINALIS,90513
LEGIONELLA SPECIES,90627
CANDIDA RUGOSA,90336
CAMPYLOBACTER UREOLYTICUS,90878
GLOBICATELLA SANGUINIS,90871
CANDIDA FAMATA,90795
CLOSTRIDIUM INNOCUUM,90407
CLOSTRIDIUM SAUDIENSE,90884
DESULFOVIBRIO LEGALLII,90854
ANAEROBIC BACTERIA,80123
SLACKIA EXIGUA,90766
STREPTOCOCCUS PORCINUS,90803
ACETOBACTER SP.,90885
PEPTONIPHILUS (PEPTOSTREPTOCOCCUS) SPECIES,90733
ROSEOMONAS MUCOSA,90655
NEISSERIA SUBFLAVA,90359
MYCOBACTERIUM MALMOENSE,90601
PHAEOACREMONIUM SPECIES,90719
MYCOBACTERIUM FLAVESCENS,90433
NOCARDIA ASTEROIDES,80067
MICROMONOSPORA SPECIES,90808
MYCOBACTERIUM LENTIFLAVUM,90845
MYCOBACTERIUM MAGERITENSE,90822
ACTINOMYCETE,80264
MYCOBACTERIUM ABSCESSUS GROUP,90789
CAMPYLOBACTER COLI,90532
CAMPYLOBACTER UPSALIENSIS,90522
DESULFOVIBRIO SP.,90860
CLOSTRIDIUM CLOSTRIDIIFORME,90352
FINEGOLDIA (PEPTOSTREPTOCOCCUS) SPECIES,90734
ANAEROBIC GRAM NEGATIVE ROD #1,90304
FUSOBACTERIUM NECROPHORUM,80142
DIPHYLLOBOTHRIUM SP.,90579
SALMONELLA MUENCHEN,90418
SALMONELLA KENTUCKY,90628
SALMONELLA ANATUM,90657
SALMONELLA POMONA,90675
SALMONELLA OSLO,90635
SALMONELLA MUENSTER,90404
NO GROWTH,80274
ULOCLADIUM SP.,90491
NEOASCOCHYTA DESMAZIERI,90858
PERONEUTYPA SCOPARIA,90883
EPICOCCUM SPECIES,90665
EMMONSIA SPECIES,90793
SPOROTHRIX SCHENCKII COMPLEX,90796
BIPOLARIS SPECIES,90640
SPOROBOLOMYCES SALMONICOLOR,80103
NOCARDIA TRANSVALENSIS COMPLEX,90797
FRANCISELLA TULARENSIS,90438
STREPTOCOCCUS CONSTELLATUS SSP. CONSTELLATUS,90869
CRYPTOCOCCUS SPECIES,80077
"BETA STREP NOT GROUP A, B OR ANGINOSUS (MILLERI)",90708
STREPTOCOCCUS UBERIS,90360